Аарон	Аароновна	Ааронович
Адам	Адамовна	Адамович
Айдар	Айдаровна	Айдарович
Александр	Александровна	Александрович
Алексей	Алексеевна	Алексеевич
Алибаба	Алибабаевна	Алибабаевич
Анатолий	Анатольевна	Анатольевич
Андрей	Андреевна	Андреевич
Антон	Антоновна	Антонович
Армен	Арменовна	Арменович
Артем	Артемовна	Артемович
Богдан	Богдановна	Богданович
Вадим	Вадимовна	Вадимович
Валентин	Валентиновна	Валентинович
Валерий	Валерьевна	Валерьевич
Василий	Васильевна	Васильевич
Виктор	Викторовна	Викторович
Вячеслав	Вячеславовна	Вячеславович
Гамлет	Гамлетовна	Гамлетович
Геннадий	Геннадьевна	Геннадьевич
Георгий	Георгиевна	Георгиевич
Герман	Германовна	Германович
Давид	Давидовна	Давидович
Даниил	Данииловна	Даниилович
Дмитрий	Дмитриевна	Дмитриевич
Евсей	Евсеевна	Евсеевич
Егор	Егоровна	Егорович
Ефим	Ефимовна	Ефимович
Закир	Закировна	Закирович
Захар	Захаровна	Захарович
Зураб	Зурабовна	Зурабович
Ибрагим	Ибрагимовна	Ибрагимович
Игнат	Игнатовна	Игнатович
Исидор	Исидоровна	Исидорович
Исмаил	Исмаиловна	Исмаилович
Казбек	Казбековна	Казбекович
Клим	Климовна	Климович
Константин	Константиновна	Константинович
Кузьма	Кузьминишна	Кузьмич
Лев	Львовна	Львович
Лука	Лукинишна	Лукич
Магомед	Магомедовна	Магомедович
Максим	Максимовна	Максимович
Марат	Маратовна	Маратович
Мирон	Мироновна	Миронович
Нариман	Наримановна	Нариманович
Нестор	Несторовна	Несторович
Николай	Николаевна	Николаевич
Павел	Павловна	Павлович
Петр	Петровна	Петрович
Роман	Романовна	Романович
Сергей	Сергеевна	Сергеевич
Соломон	Соломоновна	Соломнович
Станислав	Станиславовна	Станиславович
Юрий	Юрьевна	Юрьевич
