Абрамова	Абрамов
Авдонина	Авдонин
Айзенштейн	Айзенштейн
Акелькина	Акелькин
Акимова	Акимов
Аксенова	Аксенов
Александрова	Александров
Алексеева	Алексеев
Альтшулер	Альтшулер
Ананич	Ананич
Ананьева	Ананьев
Андреева	Андреев
Андронати	Андронати
Андрущенко	Андрущенко
Анисимова	Анисимов
Анохина	Анохин
Антонова	Антонов
Апкина	Апкин
Архипова	Архипов
Афанасьева	Афанасьев
Ахматова	Ахматов
Бабенко	Бабенко
Бабич	Бабич
Бабушкина 	Бабушкин 
Балашова	Балашов
Балицкая	Балицкий
Барабанова	Барабанов
Баранова	Баранов
Баранцева	Баранцев
Барсукова	Барсуков
Баршай	Баршай
Басинская	Басинский
Бебякина	Бебякин
Белиловская	Белиловский
Белкина	Белкин
Белова	Белов
Белоусова	Белоусов
Беляева	Беляев
Бердянская	Бердянский
Бирук	Бирук
Бирюкова	Бирюков
Бланк	Бланк
Боброва	Бобров
Богданова	Богданов
Богданович	Богданович
Боксер	Боксер
Болотникова	Болотников
Большакова	Большаков
Боринштейн	Боринштейн
Борисова	Борисов
Бородина	Бородин
Бородинова	Бородинов
Брудная	Брудный
Брунштейн	Брунштейн
Будрацкая	Будрацкий
Булакаева	Булакаев
Буртман	Буртман
Бутлицкая	Бутлицкий
Бутылина	Бутылин
Быкова	Быков
Васильева	Васильев
Васнецова	Васнецова
Веденина	Веденин
Вересаева	Вересаев 
Верходанова	Верходанова
Верхотурцева	Верхотурцев
Вешкина	Вешкин
Виленская	Виленский
Вильбушевич	Вильбушевич
Винарская	Винарский
Виноградова	Виноградов
Винокурова	Винокуров
Вицинец	Вицинец
Вишневская	Вишневский
Вишницкая	Вишницкий
Владомирская	Владомирский
Власова	Власов
Волгапкина	Волгапкин
Волкова	Волков
Воробьева	Воробьев
Воронина	Воронин
Воронова	Воронов
Воронцова	Воронцов
Вставская	Вставский
Высоцкая	Высоцкий
Гаврилова	Гаврилов
Гавриш	Гавриш
Галкина	Галкин
Галутина	Галутин
Ганцевич	Ганцевич
Гарбер	Гарбер
Гаухман	Гаухман
Герасимова	Герасимов
Гимейн	Гимейн
Гинцбург	Гинцбург
Глемба	Глемба
Глухова	Глухов
Глушенко	Глушенко
Гоголь	Гоголь
Голуб	Голуб
Голубева	Голубев
Голубовская	Голубовский
Гольдфарб	Гольдфарб
Гончарова	Гончаров
Гончарук	Гончарук
Горбунова	Горбунов
Гордиенко	Гордиенко
Гордополова	Гордополов
Горшкова	Горшков
Госина	Госин
Грановская	Грановский
Грачева	Грачев
Гриб	Гриб
Грибоедова	Грибоедов
Григорьева	Григорьев
Гринберг	Гринберг
Гриншпун	Гриншпун
Гриценко	Гриценко
Гришина	Гришин
Грабовая	Грабовой
Гробова	Гробов
Громова	Громов
Губенко	Губенко
Гулькина	Гулькин
Гуртовая	Гуртовой
Гусева	Гусев
Гусинская	Гусинский
Гусман	Гусман
Гутман	Гутман
Гущина	Гущин
Давыдкина	Давыдкин
Давыдова	Давыдов
Данилейко	Данилейко
Данилова	Данилов
Дворкина	Дворкин
Девятаева	Девятаев
Дедюшко	Дедюшко
Дементьева	Дементьев
Демидова	Демидов
Демина	Демин
Денисова	Денисов
Державина	Державин
Дзюба	Дзюба
Димант	Димант
Динович	Динович
Дисман	Дисман
Дмитриева	Дмитриев
Донская	Донской
Дощанова	Дощанов
Дрейзеншток	Дрейзеншток
Дубинская	Дубинский
Евдокимова	Евдокимов
Егорова	Егоров
Едомская	Едомский
Елисеева	Елисеев
Елькина	Елькин
Емельянова	Емельянов
Еремина	Еремин
Ермакова	Ермаков
Ерухимович	Ерухимович
Ершова	Ершов
Ефимова	Ефимов
Ефремова	Ефремов
Жданова	Жданов
Железняк	Железняк
Жукова	Жуков
Жуковская	Жуковский
Журавлева	Журавлев
Зайцева	Зайцев
Заломонович	Заломонович
Зарецкая	Зарецкий
Захаревич	Захаревич
Захарина	Захарин
Захарова	Захаров
Зеленец	Зеленец
Зенкевич	Зенкевич
Зильбер	Зильбер
Зинкевич	Зинкевич
Золотарева	Золотарев
Зубко	Зубко
Иванова	Иванов
Ивашкевич	Ивашкевич
Иващенко	Иващенко
Игнатова	Игнатов
Игорева	Игорев
Израильсон	Израильсон
Ильина	Ильин
Иоэльсон	Иоэльсон
Исаева	Исаев
Каган	Каган
Казакова	Казаков
Калашникова	Калашников
Калинина	Калинин
Капустина	Капустин
Каралева	Каралев
Карпова	Карпов
Карпунова	Карпунов
Кацева	Кацев
Киреева	Киреев
Кирикова	Кириков
Кириллова	Кириллов
Киркель	Киркель
Киселева	Киселев
Кисилевич	Кисилевич
Климкина	Климкин
Климова	Климов
Князева	Князев
Ковалева	Ковалев
Ковальчук	Ковальчук
Ковзик	Ковзик
Кожевникова	Кожевников
Козлова	Козлов
Колесникова	Колесников
Комарова	Комаров
Кондратович	Кондратович
Кондратьева	Кондратьев
Коновалова	Коновалов
Коновальцева	Коновальцев
Коноплёва	Коноплёв
Копылова	Копылов
Корбут	Корбут
Коргулева	Коргулев
Корнева	Корнев
Корнеева	Корнеев
Коровина	Коровин
Коробкова	Коробков
Королева	Королев
Коростина	Коростин
Короткова	Коротков
Котова	Котов
Котовская	Котовский
Краснова	Краснов
Красновская	Красновский
Краснослободцева	Краснослободцев
Крачковская	Крачковский
Крутянская	Крутянский
Крылова	Крылов
Кудря	Кудря
Кудрявцева	Кудрявцев
Кузина	Кузин
Кузнецова	Кузнецов
Кузьмина	Кузьмин
Кулешова	Кулешов
Куликова	Куликов
Курдина	Курдин
Курочкина	Курочкин
Кушниренко	Кушниренко
Ладыженская	Ладыженский
Лазарева	Лазарев
Лаповская	Лаповский
Ларина	Ларин
Лебедева	Лебедев
Левина	Левин
Леонова	Леонов
Леонтьева	Леонтьев
Лепнюк	Лепнюк
Лермонтова	Лермонтов
Линник	Линник
Литвинова	Литвинов
Лобанова	Лобанов
Логинова	Логинов
Лубенкова	Лубенков
Лукашевич	Лукашевич
Лукашенко	Лукашенко
Лукьянова	Лукьянов
Майорова	Майоров
Майсак	Майсак
Макаревич	Макаревич
Макарова	Макаров
Максимова	Максимов
Малышева	Малышев
Мальцева	Мальцев
Манушкина	Манушкин
Маркова	Марков
Мартынова	Мартынов
Марушкина	Марушкин
Маслова	Маслов
Маслюкова	Маслюков
Матвеева	Матвеев
Маяковская	Маяковский
Медведева	Медведев
Мелишева	Мелишев
Мельникова	Мельников
Мещерякова	Мещеряков
Милёхина	Милёхин
Миронова	Миронов
Мисюк	Мисюк
Митрофанова	Митрофанов
Михайлова	Михайлов
Михальцова	Михальцов
Михеева	Михеев
Мицкевич	Мицкевич
Мишкина	Мишкин
Моисеева	Моисеев
Молчанова	Молчанов
Морозова	Морозов
Москаленко	Москаленко
Мотуз	Мотуз
Мошкина	Мошкин
Мошковская	Мошковский
Мулюкова	Мулюков
Мухина	Мухин
Мухлаева	Мухлаев
Мушкарева	Мушкарев
Назарова	Назаров
Нариманова	Нариманов
Наумова	Наумов
Недотыкина	Недотыкин
Некрасова	Некрасов
Немова	Немов
Непомнящая	Непомнящий
Нестеренко	Нестеренко
Нестерова	Нестеров
Никитина	Никитин
Никифорова	Никифоров
Николаева	Николаев
Новикова	Новиков
Новожилова	Новожилов
Носова	Носов
Носовская	Носовский
Нуриева	Нуриев
Оболтина	Оболтин
Овчаренко	Овчаренко
Овчинникова	Овчинников
Орлова	Орлов
Осипова	Осипов
Павлова	Павлов
Паклина	Паклин
Панин	Панина
Панова	Панов
Пасечникова	Пасечников
Пелевина	Пелевин
Петрова	Петров
Пилипенко	Пилипенко
Пинигина	Пинигин
Пинчук	Пинчук
Пискунов	Пискунова
Платонова	Платонов
Плешакова	Плешаков
Плотникова	Плотников
Подобед	Подобед
Полещук	Полещук
Полищук	Полищук
Полонская	Полонский
Полункина	Полункин
Полякова	Поляков
Пономарева	Пономарев
Попова	Попов
Потапова	Потапов
Потапова	Потапов
Потоцкая	Потоцкий
Прихожая	Прихожий
Прокопенко	Прокопенко
Прокофьева	Прокофьев
Прохорова	Прохоров
Прыткова	Прытков
Пуришкевич	Пуришкевич
Пушкина	Пушкин
Разуваева	Разуваев
Редчина	Редчин
Репина	Репин
Ржеутская	Ржеутский
Рогачева	Рогачев
Родионова	Родионов
Романова	Романов
Румянцева	Румянцев
Руськина	Руськин
Рыбакова	Рыбаков
Рыжова	Рыжов
Рябова	Рябов
Ряховская	Ряховский
Савельева	Савельев
Савина	Савин
Сагатова	Сагатов
Самарина	Самарин
Самойлович	Самойлович
Самсонова	Самсонов
Санько	Санько
Сапега	Сапега
Сатановская	Сатановский
Сафонова	Сафонов
Сафонова	Сафонов
Седова	Седов
Семайкина	Семайкин
Семенова	Семенов
Сенкевич	Сенкевич
Сергеева	Сергеев
Середа	Середа
Сидорова	Сидоров
Сикорская	Сикорский
Симонова	Симонов
Скворцова	Скворцов
Скворцова	Скворцов
Слобожанина	Слобожанин
Смагина	Смагин
Смердина	Смердин
Смирнова	Смирнов
Смоляк	Смоляк
Соболева	Соболев
Соколова	Соколов
Соловьева	Соловьев
Сологуб	Сологуб
Сорокина	Сорокин
Сосновская	Сосновский
Степаненко	Степаненко
Степанова	Степанов
Стороженко	Стороженко
Ступина	Ступин
Субачева	Субачев
Сундукова	Сундуков
Тарасова	Тарасов
Тарновская	Тарновский
Татарская	Татарский
Темникова	Темников
Тимофеева	Тимофеев
Титова	Титов
Тихомирова	Тихомиров
Тихонова	Тихонов
Тишина	Тишин
Топольник	Топольник
Трамваева	Трамваев
Трофимова	Трофимов
Трошина	Трошин
Туренко	Туренко
Туронок	Туронок
Тышкевич	Тышкевич
Тюкаева	Тюкаев
Удальцова	Удальцов
Умрихина	Умрихин
Ушакова	Ушаков
Фадеева	Фадеев
Федорова	Федоров
Федотова	Федотов
Филатова	Филатов
Филимонова	Филимонов
Филипенко	Филипенко
Филиппова	Филиппов
Фирмапилова	Фирмапилов
Фомина	Фомин
Фролова	Фролов
Харитонова	Харитонов
Хинко	Хинко
Хмельницкая	Хмельницкий
Хохлова	Хохлов
Хруцкая	Хруцкий
Худякова	Худяков
Царнаева	Царнаев
Царькова	Царьков
Цветаева	Цветаев
Цветкова	Цветков
Ценаева	Ценаев
Циглер	Циглер
Цыганкова	Цыганков
Чаадаева	Чаадаев
Чапаева	Чапаев
Чекчурина	Чекчурин
Чернова	Чернов
Чернышева	Чернышев
Чижевская	Чижевский
Чунникова	Чунников
Шалабаева	Шалабаев
Шалимова	Шалимов
Шанько	Шанько
Шеленкова	Шеленков
Шепелёва	Шепелёв
Шишкина	Шишкин
Шкляр	Шкляр
Шлыкова	Шлыков
Шорохова	Шорохов
Шпак	Шпак
Щербак	Щербак
Щербакова	Щербаков
Щипан	Щипан
Эрзина	Эрзин
Юдина	Юдин
Юровская	Юровский
Юшкевич	Юшкевич
Юшкова	Юшков
Яворская	Яворский
Яковлева	Яковлев
Янкевич	Янкевич
Янукович	Янукович
Янушкевич	Янушкевич
Ярская	Ярский
